TipoPrenda,Temporada,Estilo,Precio,Talla,Color,GeneroColeccion
Short,Verano,Casual,33,M,Turquesa,Mujer
Abrigo,Invierno,Elegante,188,M,Negro,Hombre
Zapatillas,Primavera,Deportivo,95,L,Negro,Mujer
Short,Verano,Casual,29,S,Blanco,Mujer
Pantalón,Primavera,Casual,118,M,Gris,Mujer
Jersey,Invierno,Casual,136,M,Gris,Mujer
Pantalón,Otoño,Casual,76,M,Azul,Hombre
Zapatillas,Otoño,Deportivo,117,L,Blanco,Unisex
Camiseta,Verano,Casual,28,M,Blanco,Unisex
Sudadera,Primavera,Casual,90,M,Gris,Mujer
Pantalón,Otoño,Casual,88,M,Gris,Unisex
Abrigo,Otoño,Elegante,146,M,Negro,Mujer
Short,Verano,Casual,22,XS,Blanco,Mujer
Botas,Otoño,Elegante,149,L,Negro,Mujer
Jersey,Invierno,Elegante,151,M,Negro,Hombre
Sudadera,Otoño,Deportivo,71,L,Blanco,Mujer
Camiseta,Verano,Casual,27,S,Turquesa,Mujer
Sudadera,Primavera,Deportivo,70,L,Blanco,Unisex
Zapatillas,Primavera,Deportivo,105,M,Blanco,Unisex
Short,Primavera,Casual,36,M,Amarillo,Mujer
Sudadera,Primavera,Casual,87,S,Gris,Mujer
Sudadera,Otoño,Deportivo,64,L,Blanco,Mujer
Leggings,Otoño,Deportivo,99,L,Gris,Hombre
Leggings,Otoño,Deportivo,78,M,Gris,Mujer
Botas,Invierno,Elegante,188,L,Negro,Mujer
Jersey,Invierno,Casual,247,L,Negro,Mujer
Abrigo,Otoño,Elegante,171,L,Gris,Mujer
Botas,Invierno,Elegante,225,L,Azul oscuro,Mujer
Sudadera,Otoño,Casual,79,S,Gris,Hombre
Jersey,Otoño,Elegante,128,M,Negro,Hombre
Abrigo,Invierno,Elegante,228,M,Gris,Mujer
Bikini,Verano,Casual,26,M,Rosa,Unisex
Short,Verano,Deportivo,17,XS,Turquesa,Unisex
Bikini,Primavera,Casual,49,M,Turquesa,Unisex
Short,Verano,Deportivo,26,M,Rosa,Mujer
Leggings,Primavera,Deportivo,113,M,Gris,Mujer
Bikini,Primavera,Casual,22,S,Amarillo,Unisex
Camiseta,Otoño,Casual,108,S,Azul,Unisex
Camiseta,Verano,Casual,27,M,Blanco,Mujer
Abrigo,Otoño,Elegante,215,XL,Negro,Mujer
Jersey,Otoño,Casual,176,M,Negro,Hombre
Short,Primavera,Deportivo,41,XS,Blanco,Unisex
Camiseta,Primavera,Casual,27,S,Turquesa,Mujer
Zapatillas,Primavera,Deportivo,97,M,Negro,Mujer
Zapatillas,Otoño,Deportivo,93,L,Blanco,Unisex
Leggings,Primavera,Deportivo,111,M,Blanco,Unisex
Jersey,Otoño,Elegante,259,L,Azul oscuro,Mujer
Camiseta,Otoño,Casual,108,M,Gris,Hombre
Sudadera,Primavera,Casual,115,M,Gris,Hombre
Short,Verano,Casual,50,XS,Turquesa,Mujer
Pantalón,Primavera,Casual,117,M,Blanco,Hombre
Camiseta,Verano,Deportivo,16,M,Rosa,Mujer
Camiseta,Verano,Casual,47,M,Turquesa,Mujer
Pantalón,Primavera,Casual,77,L,Gris,Hombre
Bikini,Primavera,Casual,15,XS,Turquesa,Unisex
Abrigo,Otoño,Elegante,125,L,Negro,Hombre
Botas,Invierno,Casual,196,L,Gris,Mujer
Abrigo,Invierno,Casual,168,L,Gris,Mujer
Camiseta,Verano,Casual,48,XS,Amarillo,Mujer
Abrigo,Invierno,Elegante,130,M,Gris,Mujer
Sudadera,Primavera,Deportivo,108,M,Negro,Mujer
Camiseta,Primavera,Casual,57,M,Blanco,Mujer
Bikini,Verano,Casual,42,M,Turquesa,Mujer
Botas,Invierno,Elegante,171,XL,Negro,Mujer
Leggings,Primavera,Deportivo,111,L,Negro,Hombre
Leggings,Otoño,Deportivo,112,M,Blanco,Mujer
Camiseta,Verano,Casual,42,XS,Blanco,Unisex
Botas,Invierno,Elegante,133,L,Azul oscuro,Mujer
Bikini,Verano,Casual,33,XS,Blanco,Unisex
Short,Verano,Casual,24,S,Turquesa,Mujer
Camiseta,Verano,Casual,30,M,Rosa,Mujer
Camiseta,Verano,Deportivo,43,M,Rosa,Unisex
Jersey,Invierno,Casual,227,L,Negro,Mujer
Jersey,Invierno,Casual,159,L,Gris,Hombre
Jersey,Invierno,Elegante,127,XL,Negro,Mujer
Zapatillas,Primavera,Deportivo,84,L,Negro,Mujer
Zapatillas,Otoño,Deportivo,111,L,Negro,Hombre
Short,Verano,Deportivo,15,S,Blanco,Unisex
Jersey,Invierno,Elegante,258,M,Gris,Hombre
Botas,Invierno,Elegante,225,XL,Gris,Mujer
Jersey,Invierno,Elegante,244,L,Gris,Hombre
Camiseta,Verano,Casual,23,M,Blanco,Mujer
Abrigo,Invierno,Elegante,157,M,Azul oscuro,Mujer
Bikini,Primavera,Casual,24,M,Turquesa,Mujer
Bikini,Verano,Casual,29,S,Rosa,Unisex
Short,Verano,Casual,50,M,Blanco,Mujer
Sudadera,Primavera,Casual,60,S,Gris,Unisex
Jersey,Invierno,Casual,191,XL,Gris,Mujer
Camiseta,Otoño,Casual,111,L,Negro,Mujer
Jersey,Invierno,Elegante,210,XL,Azul oscuro,Mujer
Leggings,Otoño,Deportivo,71,M,Negro,Mujer
Jersey,Invierno,Elegante,257,L,Negro,Hombre
Short,Primavera,Casual,42,S,Amarillo,Mujer
Sudadera,Primavera,Casual,96,S,Gris,Hombre
Camiseta,Verano,Deportivo,45,XS,Blanco,Mujer
Camiseta,Primavera,Casual,62,S,Gris,Mujer
Jersey,Invierno,Casual,197,L,Gris,Mujer
Abrigo,Otoño,Elegante,231,L,Negro,Mujer
Sudadera,Primavera,Deportivo,88,M,Blanco,Mujer
Sudadera,Primavera,Casual,97,M,Blanco,Hombre
Zapatillas,Otoño,Deportivo,114,L,Gris,Mujer
Botas,Otoño,Elegante,148,XL,Negro,Mujer
Bikini,Verano,Casual,16,S,Blanco,Unisex
Short,Verano,Casual,17,XS,Blanco,Mujer
Leggings,Otoño,Deportivo,87,L,Blanco,Mujer
Leggings,Otoño,Deportivo,98,M,Blanco,Mujer
Camiseta,Otoño,Casual,91,S,Azul,Mujer
Camiseta,Verano,Casual,37,XS,Turquesa,Mujer
Camiseta,Primavera,Casual,56,S,Blanco,Mujer
Camiseta,Verano,Casual,36,S,Blanco,Mujer
Botas,Otoño,Casual,181,L,Negro,Mujer
Sudadera,Primavera,Casual,61,M,Azul,Mujer
Botas,Invierno,Casual,247,L,Gris,Mujer
Botas,Invierno,Casual,190,M,Gris,Hombre
Pantalón,Otoño,Casual,97,M,Negro,Hombre
Short,Verano,Casual,25,S,Blanco,Unisex
Botas,Invierno,Casual,166,XL,Negro,Hombre
Camiseta,Primavera,Casual,63,L,Azul,Mujer
Sudadera,Primavera,Casual,102,M,Blanco,Mujer
Camiseta,Verano,Deportivo,43,XS,Turquesa,Mujer
Pantalón,Otoño,Casual,112,S,Blanco,Hombre
Abrigo,Otoño,Elegante,236,L,Azul oscuro,Mujer
Pantalón,Primavera,Casual,110,S,Blanco,Hombre
Camiseta,Verano,Deportivo,49,S,Amarillo,Unisex
Bikini,Verano,Casual,39,S,Turquesa,Mujer
Pantalón,Otoño,Casual,119,L,Gris,Hombre
Camiseta,Primavera,Casual,27,S,Rosa,Unisex
Sudadera,Otoño,Casual,100,S,Blanco,Hombre
Zapatillas,Primavera,Deportivo,102,L,Gris,Hombre
Jersey,Otoño,Elegante,157,M,Azul oscuro,Mujer
Sudadera,Primavera,Casual,115,L,Negro,Mujer
Jersey,Invierno,Elegante,252,L,Gris,Hombre
Bikini,Verano,Deportivo,29,XS,Rosa,Unisex
Botas,Invierno,Casual,218,M,Azul oscuro,Hombre
Jersey,Invierno,Elegante,237,L,Azul oscuro,Mujer
Bikini,Primavera,Casual,18,M,Blanco,Mujer
Sudadera,Otoño,Deportivo,82,M,Blanco,Mujer
Bikini,Verano,Casual,28,S,Rosa,Unisex
Pantalón,Otoño,Casual,115,M,Gris,Hombre
Sudadera,Primavera,Casual,113,M,Azul,Hombre
Camiseta,Verano,Casual,50,XS,Rosa,Mujer
Short,Verano,Casual,43,M,Blanco,Unisex
Short,Primavera,Casual,17,S,Blanco,Unisex
Bikini,Verano,Casual,47,XS,Rosa,Mujer
Jersey,Otoño,Elegante,180,M,Negro,Mujer
Short,Verano,Casual,31,XS,Blanco,Mujer
Zapatillas,Primavera,Deportivo,82,M,Blanco,Hombre
Short,Verano,Casual,39,S,Turquesa,Mujer
Short,Verano,Casual,26,S,Rosa,Mujer
Camiseta,Verano,Casual,32,S,Rosa,Unisex
Jersey,Invierno,Elegante,245,L,Negro,Mujer
Bikini,Primavera,Deportivo,48,M,Turquesa,Unisex
Abrigo,Otoño,Casual,159,XL,Gris,Hombre
Sudadera,Otoño,Deportivo,93,M,Blanco,Hombre
Camiseta,Primavera,Casual,16,M,Turquesa,Mujer
Abrigo,Invierno,Casual,237,XL,Azul oscuro,Hombre
Abrigo,Invierno,Casual,203,M,Negro,Hombre
Abrigo,Invierno,Casual,127,XL,Gris,Mujer
Botas,Invierno,Casual,126,XL,Azul oscuro,Hombre
Jersey,Otoño,Casual,192,XL,Azul oscuro,Mujer
Sudadera,Otoño,Deportivo,110,M,Negro,Mujer
Sudadera,Otoño,Deportivo,120,L,Negro,Mujer
Sudadera,Otoño,Deportivo,66,L,Negro,Hombre
Bikini,Verano,Casual,36,M,Rosa,Mujer
Botas,Invierno,Casual,239,M,Negro,Hombre
Camiseta,Primavera,Casual,66,L,Azul,Hombre
Sudadera,Otoño,Deportivo,100,M,Gris,Mujer
Pantalón,Primavera,Casual,58,M,Azul,Hombre
Pantalón,Otoño,Casual,86,S,Negro,Unisex
Abrigo,Invierno,Elegante,251,M,Gris,Hombre
Sudadera,Otoño,Deportivo,92,L,Gris,Unisex
Camiseta,Verano,Casual,21,S,Blanco,Mujer
Sudadera,Primavera,Casual,118,S,Azul,Hombre
Bikini,Verano,Casual,38,XS,Blanco,Unisex
Leggings,Otoño,Deportivo,97,L,Gris,Unisex
Botas,Otoño,Casual,207,L,Gris,Mujer
Bikini,Primavera,Deportivo,29,S,Blanco,Unisex
Botas,Otoño,Elegante,203,M,Gris,Mujer
Jersey,Invierno,Casual,246,L,Azul oscuro,Hombre
Leggings,Primavera,Deportivo,119,M,Negro,Hombre
Camiseta,Verano,Casual,31,S,Amarillo,Unisex
Short,Verano,Deportivo,15,M,Rosa,Mujer
Sudadera,Primavera,Casual,95,L,Azul,Hombre
Sudadera,Otoño,Deportivo,95,M,Gris,Mujer
Jersey,Invierno,Elegante,172,L,Gris,Mujer
Jersey,Invierno,Elegante,232,M,Gris,Hombre
Camiseta,Verano,Casual,45,XS,Amarillo,Mujer
Zapatillas,Primavera,Deportivo,115,M,Blanco,Unisex
Botas,Invierno,Casual,145,XL,Gris,Hombre
Abrigo,Invierno,Elegante,126,XL,Negro,Mujer
Abrigo,Invierno,Elegante,141,L,Negro,Hombre
Camiseta,Verano,Casual,15,M,Rosa,Mujer
Jersey,Invierno,Casual,249,L,Gris,Mujer
Abrigo,Invierno,Elegante,185,L,Gris,Mujer
Camiseta,Verano,Casual,31,M,Blanco,Unisex
Jersey,Invierno,Casual,198,M,Negro,Mujer
Pantalón,Primavera,Casual,91,M,Gris,Hombre
Sudadera,Otoño,Casual,111,S,Azul,Mujer
Abrigo,Otoño,Elegante,131,M,Gris,Mujer
Pantalón,Primavera,Casual,110,S,Negro,Hombre
Jersey,Invierno,Elegante,174,XL,Azul oscuro,Hombre
Leggings,Otoño,Deportivo,68,L,Gris,Mujer
Short,Primavera,Casual,15,S,Turquesa,Mujer
Camiseta,Otoño,Casual,91,M,Negro,Mujer
Camiseta,Verano,Casual,38,M,Turquesa,Mujer
Jersey,Invierno,Elegante,240,L,Negro,Mujer
Botas,Invierno,Casual,138,XL,Negro,Mujer
Camiseta,Otoño,Casual,68,S,Azul,Mujer
Camiseta,Verano,Deportivo,41,XS,Blanco,Unisex
Leggings,Primavera,Deportivo,64,L,Gris,Hombre
Jersey,Invierno,Elegante,252,M,Negro,Mujer
Botas,Otoño,Casual,141,M,Gris,Mujer
Jersey,Invierno,Elegante,160,M,Negro,Hombre
Sudadera,Otoño,Casual,72,S,Azul,Mujer
Camiseta,Primavera,Casual,108,L,Negro,Unisex
Sudadera,Otoño,Casual,106,L,Negro,Mujer
Botas,Invierno,Casual,153,XL,Azul oscuro,Mujer
Leggings,Primavera,Deportivo,84,L,Gris,Unisex
Camiseta,Verano,Casual,22,S,Rosa,Mujer
Pantalón,Primavera,Casual,91,L,Gris,Mujer
Camiseta,Primavera,Casual,33,M,Blanco,Unisex
Abrigo,Invierno,Casual,193,M,Azul oscuro,Mujer
Botas,Invierno,Casual,259,L,Negro,Mujer
Abrigo,Invierno,Casual,135,L,Negro,Hombre
Bikini,Verano,Casual,44,S,Blanco,Mujer
Sudadera,Otoño,Casual,87,L,Blanco,Hombre
Short,Verano,Casual,28,S,Rosa,Unisex
Jersey,Invierno,Casual,138,L,Negro,Mujer
Leggings,Otoño,Deportivo,95,L,Negro,Mujer
Jersey,Invierno,Elegante,160,XL,Gris,Mujer
Abrigo,Otoño,Casual,173,M,Gris,Mujer
Zapatillas,Otoño,Deportivo,84,M,Gris,Hombre
Jersey,Invierno,Elegante,151,L,Negro,Mujer
Sudadera,Primavera,Deportivo,84,L,Negro,Unisex
Botas,Invierno,Casual,178,M,Negro,Mujer
Bikini,Verano,Casual,18,S,Rosa,Mujer
Camiseta,Verano,Deportivo,45,XS,Turquesa,Mujer
Sudadera,Otoño,Deportivo,108,M,Blanco,Unisex
Short,Verano,Casual,45,S,Rosa,Mujer
Sudadera,Primavera,Deportivo,76,L,Gris,Mujer
Camiseta,Otoño,Casual,103,L,Azul,Mujer
Botas,Otoño,Elegante,232,M,Negro,Mujer
Bikini,Verano,Casual,32,XS,Amarillo,Unisex
Short,Verano,Casual,19,M,Turquesa,Mujer
Botas,Otoño,Casual,220,L,Negro,Mujer
Bikini,Verano,Casual,39,XS,Turquesa,Mujer
Leggings,Otoño,Deportivo,70,M,Negro,Mujer
Short,Verano,Casual,15,S,Amarillo,Mujer
Abrigo,Invierno,Elegante,164,M,Negro,Mujer
Jersey,Invierno,Casual,193,XL,Gris,Mujer
Bikini,Primavera,Casual,18,M,Rosa,Mujer
Pantalón,Primavera,Casual,57,M,Blanco,Mujer
Bikini,Verano,Casual,32,S,Blanco,Unisex
Abrigo,Otoño,Elegante,194,XL,Negro,Hombre
Zapatillas,Primavera,Deportivo,101,M,Negro,Hombre
Jersey,Invierno,Elegante,150,L,Gris,Hombre
Sudadera,Otoño,Deportivo,96,L,Negro,Hombre
Bikini,Primavera,Casual,23,S,Blanco,Mujer
Camiseta,Verano,Deportivo,29,M,Blanco,Unisex
Sudadera,Otoño,Casual,69,S,Negro,Hombre
Bikini,Primavera,Casual,39,S,Amarillo,Mujer
Camiseta,Verano,Casual,19,S,Turquesa,Mujer
Camiseta,Primavera,Deportivo,18,S,Rosa,Unisex
Botas,Otoño,Casual,154,M,Azul oscuro,Mujer
Camiseta,Verano,Casual,20,XS,Amarillo,Unisex
Leggings,Otoño,Deportivo,62,M,Blanco,Hombre
Short,Verano,Deportivo,25,S,Amarillo,Mujer
Camiseta,Primavera,Casual,103,L,Azul,Mujer
Camiseta,Verano,Casual,16,M,Rosa,Mujer
Abrigo,Invierno,Casual,177,XL,Negro,Mujer
Bikini,Primavera,Casual,19,XS,Rosa,Mujer
Camiseta,Verano,Casual,49,S,Rosa,Mujer
Jersey,Invierno,Elegante,137,M,Negro,Mujer
Bikini,Primavera,Casual,30,S,Blanco,Mujer
Camiseta,Verano,Casual,20,XS,Blanco,Unisex
Botas,Invierno,Elegante,194,L,Azul oscuro,Mujer
Sudadera,Primavera,Deportivo,81,M,Gris,Unisex
Pantalón,Otoño,Casual,87,M,Negro,Mujer
Sudadera,Otoño,Deportivo,61,L,Negro,Hombre
Sudadera,Otoño,Deportivo,75,M,Gris,Unisex
Short,Verano,Deportivo,28,XS,Rosa,Mujer
Bikini,Verano,Deportivo,23,XS,Blanco,Mujer
Jersey,Invierno,Casual,249,L,Negro,Mujer
Sudadera,Primavera,Casual,73,S,Gris,Hombre
Short,Verano,Deportivo,42,S,Blanco,Mujer
Leggings,Otoño,Deportivo,65,L,Gris,Hombre
Short,Verano,Deportivo,33,XS,Turquesa,Unisex
Bikini,Verano,Casual,24,S,Rosa,Unisex
Camiseta,Otoño,Casual,82,S,Azul,Mujer
Jersey,Invierno,Elegante,259,M,Gris,Mujer
Camiseta,Otoño,Casual,93,M,Azul,Hombre
Botas,Invierno,Elegante,126,L,Negro,Mujer
Zapatillas,Otoño,Deportivo,119,L,Gris,Unisex
Bikini,Verano,Casual,25,M,Blanco,Mujer
Botas,Invierno,Elegante,166,L,Gris,Hombre
Bikini,Verano,Casual,37,XS,Blanco,Unisex
Camiseta,Primavera,Casual,57,S,Blanco,Mujer
Abrigo,Invierno,Casual,244,M,Gris,Mujer
Bikini,Verano,Deportivo,16,M,Turquesa,Mujer
Botas,Invierno,Elegante,215,L,Gris,Hombre
Botas,Invierno,Casual,232,M,Gris,Mujer
Zapatillas,Otoño,Deportivo,80,M,Gris,Hombre
Short,Verano,Casual,22,XS,Rosa,Unisex
Jersey,Invierno,Elegante,204,M,Negro,Hombre
Bikini,Verano,Casual,47,XS,Turquesa,Mujer
Camiseta,Primavera,Casual,94,M,Azul,Mujer
Pantalón,Primavera,Casual,57,M,Blanco,Mujer
Abrigo,Invierno,Casual,249,M,Azul oscuro,Hombre
Sudadera,Otoño,Casual,67,M,Negro,Mujer
Botas,Invierno,Elegante,139,XL,Negro,Mujer
Abrigo,Invierno,Elegante,232,L,Azul oscuro,Hombre
Zapatillas,Otoño,Deportivo,83,L,Blanco,Mujer
Jersey,Invierno,Elegante,138,M,Negro,Mujer
Sudadera,Primavera,Deportivo,114,L,Gris,Unisex
Abrigo,Invierno,Casual,240,M,Gris,Mujer
Abrigo,Otoño,Elegante,142,XL,Negro,Mujer
Leggings,Otoño,Deportivo,110,M,Blanco,Hombre
Abrigo,Invierno,Casual,227,L,Azul oscuro,Mujer
Botas,Otoño,Casual,259,L,Negro,Hombre
Camiseta,Primavera,Casual,24,M,Blanco,Mujer
Jersey,Invierno,Casual,199,M,Negro,Hombre
Camiseta,Primavera,Casual,47,M,Blanco,Unisex
Jersey,Otoño,Casual,156,XL,Negro,Hombre
Sudadera,Otoño,Deportivo,83,M,Gris,Hombre
Pantalón,Otoño,Casual,88,M,Negro,Hombre
Abrigo,Invierno,Casual,204,XL,Negro,Mujer
Leggings,Otoño,Deportivo,74,M,Gris,Unisex
Jersey,Invierno,Casual,195,M,Negro,Mujer
Abrigo,Otoño,Elegante,183,XL,Gris,Mujer
Botas,Otoño,Casual,192,L,Negro,Mujer
Short,Verano,Casual,29,XS,Blanco,Unisex
Short,Verano,Casual,38,M,Amarillo,Mujer
Short,Primavera,Casual,38,S,Rosa,Mujer
Botas,Otoño,Casual,193,M,Gris,Mujer
Abrigo,Invierno,Elegante,221,M,Azul oscuro,Mujer
Jersey,Invierno,Elegante,175,XL,Azul oscuro,Hombre
Jersey,Invierno,Elegante,240,XL,Azul oscuro,Hombre
Botas,Invierno,Casual,134,M,Negro,Mujer
Leggings,Primavera,Deportivo,114,M,Gris,Hombre
Short,Primavera,Casual,16,XS,Turquesa,Mujer
Jersey,Otoño,Casual,211,M,Negro,Mujer
Abrigo,Invierno,Elegante,252,XL,Negro,Mujer
Bikini,Verano,Casual,25,S,Rosa,Mujer
Abrigo,Invierno,Casual,146,L,Negro,Mujer
Leggings,Otoño,Deportivo,110,M,Gris,Mujer
Bikini,Verano,Casual,33,S,Blanco,Unisex
Pantalón,Primavera,Casual,80,S,Blanco,Hombre
Jersey,Invierno,Elegante,143,L,Azul oscuro,Mujer
Abrigo,Invierno,Elegante,219,L,Gris,Mujer
Short,Verano,Casual,22,M,Rosa,Mujer
Sudadera,Primavera,Deportivo,67,L,Gris,Mujer
Camiseta,Primavera,Casual,80,S,Blanco,Hombre
Botas,Invierno,Casual,179,L,Gris,Hombre
Bikini,Verano,Deportivo,22,S,Turquesa,Unisex
Botas,Invierno,Elegante,234,XL,Gris,Hombre
Camiseta,Verano,Deportivo,18,XS,Blanco,Mujer
Sudadera,Primavera,Casual,108,L,Negro,Unisex
Camiseta,Primavera,Casual,91,S,Azul,Unisex
Jersey,Otoño,Casual,204,L,Gris,Mujer
Camiseta,Otoño,Casual,103,L,Negro,Mujer
Short,Primavera,Casual,20,XS,Rosa,Unisex
Abrigo,Invierno,Casual,243,M,Negro,Hombre
Short,Verano,Casual,45,S,Rosa,Mujer
Short,Verano,Deportivo,44,M,Blanco,Mujer
Jersey,Invierno,Casual,249,L,Negro,Mujer
Camiseta,Otoño,Casual,70,M,Gris,Mujer
Jersey,Invierno,Elegante,249,M,Negro,Hombre
Sudadera,Primavera,Deportivo,110,M,Negro,Unisex
Short,Verano,Casual,19,XS,Amarillo,Mujer
Pantalón,Otoño,Casual,87,M,Negro,Hombre
Camiseta,Primavera,Casual,17,XS,Blanco,Unisex
Abrigo,Invierno,Elegante,220,XL,Negro,Mujer
Pantalón,Primavera,Casual,103,S,Azul,Hombre
Sudadera,Otoño,Casual,61,S,Negro,Mujer
Sudadera,Otoño,Casual,104,L,Azul,Mujer
Sudadera,Primavera,Deportivo,64,M,Gris,Hombre
Camiseta,Otoño,Casual,78,L,Blanco,Unisex
Pantalón,Otoño,Casual,112,L,Gris,Mujer
Camiseta,Primavera,Casual,78,M,Azul,Mujer
Sudadera,Otoño,Deportivo,64,L,Blanco,Unisex
Bikini,Verano,Casual,26,S,Rosa,Mujer
Leggings,Otoño,Deportivo,105,L,Negro,Hombre
Jersey,Invierno,Elegante,257,M,Azul oscuro,Mujer
Bikini,Verano,Deportivo,20,M,Amarillo,Mujer
Bikini,Verano,Casual,45,S,Blanco,Mujer
Sudadera,Primavera,Casual,114,S,Azul,Mujer
Camiseta,Otoño,Casual,112,L,Negro,Hombre
Bikini,Verano,Casual,20,S,Blanco,Mujer
Abrigo,Invierno,Casual,184,L,Azul oscuro,Mujer
Sudadera,Otoño,Deportivo,94,L,Blanco,Mujer
Abrigo,Otoño,Elegante,140,XL,Negro,Mujer
Camiseta,Otoño,Casual,74,M,Azul,Hombre
Short,Primavera,Casual,35,S,Turquesa,Mujer
Pantalón,Primavera,Casual,79,M,Negro,Hombre
Abrigo,Invierno,Elegante,190,M,Gris,Mujer
Jersey,Invierno,Elegante,162,M,Azul oscuro,Mujer
Abrigo,Invierno,Casual,145,XL,Gris,Hombre
Abrigo,Invierno,Elegante,214,L,Azul oscuro,Hombre
Abrigo,Invierno,Elegante,255,L,Gris,Hombre
Pantalón,Otoño,Casual,62,S,Azul,Mujer
Sudadera,Primavera,Casual,55,S,Negro,Hombre
Jersey,Otoño,Elegante,150,M,Negro,Mujer
Bikini,Primavera,Casual,39,S,Rosa,Unisex
Pantalón,Primavera,Casual,60,M,Gris,Hombre
Jersey,Invierno,Elegante,210,L,Negro,Mujer
Camiseta,Verano,Deportivo,21,XS,Rosa,Mujer
Bikini,Verano,Deportivo,33,M,Amarillo,Mujer
Bikini,Verano,Casual,19,M,Amarillo,Unisex
Pantalón,Otoño,Casual,97,M,Gris,Unisex
Sudadera,Primavera,Deportivo,78,M,Negro,Mujer
Sudadera,Otoño,Deportivo,104,M,Blanco,Hombre
Abrigo,Invierno,Casual,175,M,Gris,Mujer
Short,Verano,Casual,49,S,Amarillo,Mujer
Short,Primavera,Casual,22,S,Turquesa,Mujer
Pantalón,Primavera,Casual,81,M,Blanco,Hombre
Botas,Invierno,Casual,205,L,Gris,Hombre
Botas,Invierno,Elegante,131,M,Negro,Mujer
Pantalón,Otoño,Casual,113,S,Azul,Mujer
Pantalón,Primavera,Casual,113,M,Azul,Mujer
Sudadera,Otoño,Deportivo,90,L,Negro,Mujer
Jersey,Invierno,Elegante,239,M,Gris,Mujer
Pantalón,Otoño,Casual,79,M,Azul,Mujer
Leggings,Primavera,Deportivo,69,M,Gris,Unisex
Botas,Invierno,Casual,171,XL,Azul oscuro,Hombre
Botas,Invierno,Casual,257,XL,Azul oscuro,Hombre
Zapatillas,Primavera,Deportivo,68,M,Gris,Mujer
Abrigo,Invierno,Casual,197,M,Negro,Hombre
Botas,Invierno,Casual,223,L,Gris,Mujer
Camiseta,Primavera,Casual,99,L,Gris,Hombre
Botas,Invierno,Elegante,236,L,Negro,Mujer
Bikini,Primavera,Casual,28,S,Blanco,Unisex
Leggings,Primavera,Deportivo,89,M,Blanco,Hombre
Jersey,Invierno,Elegante,241,XL,Negro,Mujer
Zapatillas,Primavera,Deportivo,108,L,Blanco,Hombre
Abrigo,Invierno,Casual,209,M,Negro,Mujer
Abrigo,Invierno,Elegante,155,L,Negro,Hombre
Abrigo,Invierno,Casual,193,L,Negro,Mujer
Bikini,Verano,Casual,26,S,Blanco,Unisex
Bikini,Primavera,Casual,48,XS,Turquesa,Mujer
Camiseta,Otoño,Casual,79,M,Blanco,Hombre
Leggings,Otoño,Deportivo,120,L,Negro,Hombre
Zapatillas,Otoño,Deportivo,94,M,Negro,Mujer
Abrigo,Otoño,Elegante,203,L,Negro,Mujer
Camiseta,Primavera,Casual,85,S,Negro,Mujer
Camiseta,Primavera,Casual,100,S,Negro,Mujer
Botas,Invierno,Casual,198,M,Gris,Hombre
Short,Verano,Casual,16,S,Blanco,Mujer
Short,Verano,Deportivo,25,S,Amarillo,Unisex
Short,Verano,Deportivo,35,S,Rosa,Unisex
Pantalón,Primavera,Casual,55,L,Gris,Hombre
Camiseta,Verano,Casual,21,XS,Turquesa,Mujer
Pantalón,Primavera,Casual,71,M,Negro,Hombre
Sudadera,Otoño,Deportivo,100,L,Negro,Hombre
Botas,Otoño,Casual,129,L,Gris,Hombre
Jersey,Invierno,Casual,202,L,Negro,Mujer
Bikini,Primavera,Casual,23,M,Rosa,Mujer
Botas,Invierno,Casual,153,M,Negro,Hombre
Leggings,Primavera,Deportivo,107,M,Blanco,Mujer
Sudadera,Primavera,Deportivo,60,M,Gris,Mujer
Botas,Otoño,Elegante,158,L,Negro,Mujer
Zapatillas,Otoño,Deportivo,106,M,Gris,Mujer
Short,Verano,Casual,30,S,Amarillo,Unisex
Botas,Otoño,Casual,224,L,Negro,Mujer
Botas,Otoño,Elegante,148,XL,Azul oscuro,Hombre
Jersey,Invierno,Casual,175,L,Gris,Mujer
Camiseta,Primavera,Casual,68,S,Blanco,Hombre
Camiseta,Verano,Casual,45,S,Rosa,Mujer
Sudadera,Primavera,Casual,91,M,Blanco,Hombre
Pantalón,Otoño,Casual,65,L,Negro,Mujer
Camiseta,Verano,Casual,43,XS,Rosa,Unisex
Jersey,Invierno,Casual,144,XL,Negro,Mujer
Leggings,Otoño,Deportivo,110,M,Gris,Hombre
Leggings,Otoño,Deportivo,111,M,Gris,Hombre
Bikini,Primavera,Casual,18,XS,Blanco,Unisex
Bikini,Verano,Deportivo,21,M,Rosa,Mujer
Pantalón,Otoño,Casual,68,S,Blanco,Unisex
Botas,Invierno,Casual,152,L,Azul oscuro,Hombre
Camiseta,Otoño,Casual,72,L,Gris,Hombre
Botas,Otoño,Elegante,237,M,Negro,Hombre
Zapatillas,Otoño,Deportivo,107,M,Blanco,Hombre
Camiseta,Primavera,Deportivo,43,S,Blanco,Mujer
Short,Verano,Deportivo,43,XS,Turquesa,Unisex
Camiseta,Verano,Casual,18,M,Blanco,Unisex
Pantalón,Otoño,Casual,109,M,Negro,Mujer
Camiseta,Verano,Casual,31,S,Turquesa,Unisex
Short,Verano,Casual,21,XS,Amarillo,Unisex
Short,Verano,Casual,37,M,Rosa,Mujer
Botas,Invierno,Casual,166,XL,Negro,Mujer
Sudadera,Otoño,Casual,58,M,Gris,Hombre
Short,Verano,Casual,16,S,Blanco,Unisex
Sudadera,Otoño,Casual,109,S,Blanco,Unisex
Sudadera,Primavera,Casual,118,M,Blanco,Mujer
Camiseta,Verano,Deportivo,50,S,Amarillo,Mujer
Sudadera,Otoño,Deportivo,70,L,Negro,Hombre
Camiseta,Otoño,Casual,109,S,Gris,Mujer
Camiseta,Primavera,Casual,56,L,Blanco,Unisex
Camiseta,Primavera,Casual,85,L,Negro,Hombre
Bikini,Primavera,Deportivo,17,S,Amarillo,Mujer
Camiseta,Otoño,Casual,73,L,Negro,Unisex
Camiseta,Primavera,Casual,25,M,Blanco,Unisex
Sudadera,Otoño,Deportivo,79,M,Gris,Unisex
Bikini,Primavera,Deportivo,23,XS,Rosa,Mujer
Short,Primavera,Casual,30,S,Blanco,Mujer
Sudadera,Otoño,Deportivo,93,M,Gris,Mujer
Botas,Otoño,Elegante,246,L,Azul oscuro,Mujer
Abrigo,Invierno,Casual,227,L,Negro,Mujer
Abrigo,Invierno,Casual,160,XL,Gris,Mujer
Camiseta,Verano,Deportivo,43,XS,Rosa,Mujer
Botas,Otoño,Casual,208,XL,Negro,Hombre
Jersey,Invierno,Casual,145,XL,Gris,Hombre
Sudadera,Otoño,Casual,63,L,Gris,Hombre
Camiseta,Verano,Casual,26,S,Amarillo,Unisex
Jersey,Invierno,Casual,126,M,Negro,Hombre
Zapatillas,Primavera,Deportivo,104,M,Blanco,Unisex
Pantalón,Primavera,Casual,107,S,Gris,Mujer
Camiseta,Primavera,Casual,73,L,Gris,Mujer
Botas,Invierno,Elegante,225,M,Negro,Mujer
Botas,Otoño,Elegante,202,M,Negro,Hombre
Sudadera,Otoño,Casual,107,L,Blanco,Hombre
Jersey,Invierno,Casual,192,XL,Negro,Mujer
Abrigo,Invierno,Casual,249,L,Negro,Mujer
Short,Verano,Deportivo,29,S,Turquesa,Unisex
Bikini,Verano,Casual,21,M,Blanco,Mujer
Bikini,Verano,Deportivo,39,S,Rosa,Mujer
Short,Verano,Casual,28,S,Turquesa,Mujer
Jersey,Invierno,Casual,148,L,Negro,Hombre
Bikini,Verano,Casual,30,S,Rosa,Mujer
Camiseta,Otoño,Casual,71,M,Blanco,Hombre
Sudadera,Otoño,Casual,92,M,Gris,Mujer
Abrigo,Otoño,Elegante,257,XL,Gris,Mujer
Botas,Otoño,Elegante,131,M,Gris,Mujer
Sudadera,Primavera,Deportivo,112,L,Blanco,Unisex
Short,Verano,Casual,16,M,Blanco,Mujer
Botas,Invierno,Casual,133,L,Negro,Hombre
Camiseta,Verano,Casual,47,M,Amarillo,Mujer
Abrigo,Invierno,Elegante,163,M,Gris,Mujer
Leggings,Primavera,Deportivo,92,L,Blanco,Unisex
Pantalón,Primavera,Casual,67,L,Blanco,Mujer
Leggings,Otoño,Deportivo,65,L,Gris,Unisex
Bikini,Verano,Casual,19,M,Turquesa,Mujer
Pantalón,Primavera,Casual,95,L,Blanco,Mujer
Sudadera,Otoño,Deportivo,113,L,Blanco,Unisex
Bikini,Verano,Deportivo,29,S,Blanco,Mujer
Botas,Invierno,Casual,171,M,Azul oscuro,Hombre
Jersey,Invierno,Elegante,213,L,Gris,Mujer
Short,Verano,Deportivo,48,S,Turquesa,Mujer
Bikini,Verano,Casual,30,S,Blanco,Mujer
Camiseta,Primavera,Casual,31,M,Amarillo,Unisex
Sudadera,Primavera,Casual,113,S,Azul,Mujer
Botas,Invierno,Casual,149,M,Gris,Hombre
Camiseta,Verano,Deportivo,24,M,Rosa,Mujer
Leggings,Primavera,Deportivo,95,M,Negro,Mujer
Zapatillas,Otoño,Deportivo,119,M,Gris,Hombre
Abrigo,Invierno,Elegante,184,XL,Negro,Mujer
Leggings,Primavera,Deportivo,89,L,Negro,Unisex
Camiseta,Verano,Casual,19,XS,Amarillo,Unisex
Pantalón,Otoño,Casual,97,L,Gris,Hombre
Botas,Invierno,Casual,161,L,Gris,Hombre
Camiseta,Primavera,Casual,102,M,Gris,Mujer
Camiseta,Otoño,Casual,78,L,Gris,Mujer
Zapatillas,Otoño,Deportivo,61,L,Negro,Hombre
Short,Verano,Casual,50,M,Rosa,Unisex
Pantalón,Primavera,Casual,67,S,Azul,Hombre
Bikini,Verano,Casual,25,XS,Amarillo,Mujer
Bikini,Verano,Casual,31,S,Rosa,Unisex
Botas,Invierno,Casual,139,L,Negro,Hombre
Sudadera,Otoño,Casual,77,M,Blanco,Hombre
Abrigo,Invierno,Elegante,201,XL,Negro,Hombre
Botas,Invierno,Elegante,135,M,Negro,Hombre
Jersey,Invierno,Casual,182,M,Gris,Mujer
Leggings,Primavera,Deportivo,86,M,Gris,Mujer
Zapatillas,Primavera,Deportivo,117,M,Negro,Hombre
Leggings,Otoño,Deportivo,89,L,Blanco,Mujer
Jersey,Invierno,Elegante,174,L,Azul oscuro,Hombre
Camiseta,Verano,Casual,43,M,Turquesa,Mujer
Abrigo,Invierno,Casual,147,XL,Negro,Mujer
Sudadera,Otoño,Casual,117,L,Gris,Unisex
Abrigo,Invierno,Elegante,173,XL,Negro,Mujer
Short,Verano,Casual,46,S,Blanco,Mujer
Pantalón,Primavera,Casual,87,S,Gris,Hombre
Short,Primavera,Deportivo,45,S,Turquesa,Unisex
Camiseta,Verano,Casual,16,XS,Rosa,Mujer
Sudadera,Otoño,Casual,63,S,Negro,Unisex
Botas,Otoño,Casual,239,M,Negro,Mujer
Camiseta,Verano,Casual,43,S,Rosa,Unisex
Zapatillas,Otoño,Deportivo,84,M,Negro,Mujer
Botas,Invierno,Elegante,134,M,Gris,Mujer
Botas,Otoño,Elegante,129,L,Negro,Mujer
Botas,Invierno,Elegante,259,M,Gris,Hombre
Botas,Invierno,Casual,154,L,Negro,Hombre
Short,Primavera,Deportivo,30,S,Rosa,Unisex
Zapatillas,Primavera,Deportivo,113,M,Blanco,Mujer
Jersey,Invierno,Casual,154,L,Gris,Mujer
Abrigo,Otoño,Elegante,231,XL,Negro,Hombre
Botas,Invierno,Elegante,199,XL,Negro,Mujer
Botas,Otoño,Casual,239,XL,Negro,Mujer
Bikini,Verano,Casual,50,M,Turquesa,Mujer
Pantalón,Otoño,Casual,85,M,Azul,Hombre
Bikini,Primavera,Deportivo,27,S,Turquesa,Mujer
Zapatillas,Otoño,Deportivo,79,M,Blanco,Hombre
